CV,Time,evaTime
0,20.3981845,14.3015265
