CV,Time,evaTime
0,10.1998142,7.0961801
