CV,Time,evaTime
0,18.7058162,13.9590599
