CV,Time,evaTime
0,18.242054,13.515701
