CV,Time,evaTime
0,1.4294176,0.1198269
